{"cameraMode":{"drawMode":0,"name":"Shaded","section":"Shading Mode"},"sceneLighting":true,"audioPlay":false,"sceneViewState":{"showFog":true,"showMaterialUpdate":true,"showSkybox":true,"showFlares":true,"showImageEffects":true,"showParticleSystems":true},"in2DMode":false,"pivot":{"x":1.0646368265151978,"y":2.9707136154174806,"z":3.8047282695770265},"rotation":{"x":-0.024281499907374383,"y":-0.9429587721824646,"z":0.32488691806793215,"w":-0.07018401473760605},"size":0.9244924187660217,"orthographic":false}