{"cameraMode":{"drawMode":0,"name":"Shaded","section":"Shading Mode"},"sceneLighting":true,"audioPlay":false,"sceneViewState":{"showFog":true,"showMaterialUpdate":true,"showSkybox":true,"showFlares":true,"showImageEffects":true,"showParticleSystems":true},"in2DMode":false,"pivot":{"x":-1.1175061464309693,"y":0.825530469417572,"z":2.0674784183502199},"rotation":{"x":0.017051175236701967,"y":-0.9654366970062256,"z":0.2519958019256592,"w":0.06596525758504868},"size":2.9932594299316408,"orthographic":false}